account,budget,actual_amount,variance
"60810 Salary & Wages",65000.00,42967500.00,42902500.00
"60810 Salary & Wages",68000.00,42967500.00,42899500.00
"60810 Salary & Wages",76000.00,42967500.00,42891500.00
"60810 Salary & Wages",99000.00,42967500.00,42868500.00
"40100 SaaS Revenue",80000.00,42868800.00,42788800.00
"40100 SaaS Revenue",85000.00,42868800.00,42783800.00
"40100 SaaS Revenue",275000.00,42868800.00,42593800.00
"40100 SaaS Revenue",300000.00,42868800.00,42568800.00
"40100 SaaS Revenue",350000.00,42868800.00,42518800.00
"40100 SaaS Revenue",400000.00,42868800.00,42468800.00
"40100 SaaS Revenue",450000.00,42868800.00,42418800.00
"40100 SaaS Revenue",475000.00,42868800.00,42393800.00
"40100 SaaS Revenue",500000.00,42868800.00,42368800.00
"40100 SaaS Revenue",600000.00,42868800.00,42268800.00
"40100 SaaS Revenue",200000.00,28579200.00,28379200.00
"40100 SaaS Revenue",250000.00,28579200.00,28329200.00
"40100 SaaS Revenue",700000.00,28579200.00,27879200.00
"60810 Salary & Wages",11000.00,25780500.00,25769500.00
"60810 Salary & Wages",16000.00,25780500.00,25764500.00
"60810 Salary & Wages",21000.00,25780500.00,25759500.00
"60810 Salary & Wages",26000.00,25780500.00,25754500.00
"60810 Salary & Wages",31000.00,25780500.00,25749500.00
"60810 Salary & Wages",36000.00,25780500.00,25744500.00
"60810 Salary & Wages",41000.00,25780500.00,25739500.00
"60810 Salary & Wages",46000.00,25780500.00,25734500.00
"60810 Salary & Wages",51000.00,25780500.00,25729500.00
"60810 Salary & Wages",56000.00,25780500.00,25724500.00
"60810 Salary & Wages",57500.00,25780500.00,25723000.00
"60810 Salary & Wages",59000.00,25780500.00,25721500.00
"60810 Salary & Wages",61000.00,25780500.00,25719500.00
"60810 Salary & Wages",66000.00,25780500.00,25714500.00
"60810 Salary & Wages",67000.00,25780500.00,25713500.00
"60810 Salary & Wages",69500.00,25780500.00,25711000.00
"60810 Salary & Wages",70000.00,25780500.00,25710500.00
"60810 Salary & Wages",71000.00,25780500.00,25709500.00
"60810 Salary & Wages",80500.00,25780500.00,25700000.00
"60810 Salary & Wages",82000.00,25780500.00,25698500.00
"60810 Salary & Wages",87500.00,25780500.00,25693000.00
"60810 Salary & Wages",88500.00,25780500.00,25692000.00
"60810 Salary & Wages",91000.00,25780500.00,25689500.00
"60810 Salary & Wages",105000.00,25780500.00,25675500.00
"60810 Salary & Wages",56500.00,17187000.00,17130500.00
"60810 Salary & Wages",60500.00,17187000.00,17126500.00
"60810 Salary & Wages",62000.00,17187000.00,17125000.00
"60810 Salary & Wages",63500.00,17187000.00,17123500.00
"60810 Salary & Wages",66500.00,17187000.00,17120500.00
"60810 Salary & Wages",71500.00,17187000.00,17115500.00
"60810 Salary & Wages",73000.00,17187000.00,17114000.00
"60810 Salary & Wages",74500.00,17187000.00,17112500.00
"60810 Salary & Wages",77500.00,17187000.00,17109500.00
"60810 Salary & Wages",79000.00,17187000.00,17108000.00
"60810 Salary & Wages",93000.00,17187000.00,17094000.00
"60810 Salary & Wages",95000.00,17187000.00,17092000.00
"60810 Salary & Wages",97000.00,17187000.00,17090000.00
"60810 Salary & Wages",101000.00,17187000.00,17086000.00
"60810 Salary & Wages",103000.00,17187000.00,17084000.00
"60810 Salary & Wages",107000.00,17187000.00,17080000.00
"60810 Salary & Wages",6500.00,8593500.00,8587000.00
"60810 Salary & Wages",6550.00,8593500.00,8586950.00
"60810 Salary & Wages",6600.00,8593500.00,8586900.00
"60810 Salary & Wages",6650.00,8593500.00,8586850.00
"60810 Salary & Wages",6700.00,8593500.00,8586800.00
"60810 Salary & Wages",6750.00,8593500.00,8586750.00
"60810 Salary & Wages",55000.00,8593500.00,8538500.00
"60830 Health Insurance",6500.00,8136000.00,8129500.00
"60830 Health Insurance",6800.00,8136000.00,8129200.00
"60830 Health Insurance",7600.00,8136000.00,8128400.00
"60830 Health Insurance",9900.00,8136000.00,8126100.00
"50210 Product Costs",50000.00,6601500.00,6551500.00
"50210 Product Costs",55000.00,6601500.00,6546500.00
"50210 Product Costs",60000.00,6601500.00,6541500.00
"50210 Product Costs",65000.00,6601500.00,6536500.00
"50210 Product Costs",70000.00,6601500.00,6531500.00
"50210 Product Costs",75000.00,6601500.00,6526500.00
"50210 Product Costs",80000.00,6601500.00,6521500.00
"50210 Product Costs",85000.00,6601500.00,6516500.00
"50210 Product Costs",90000.00,6601500.00,6511500.00
"50210 Product Costs",95000.00,6601500.00,6506500.00
"60620 Rent & Lease",5100.00,5832000.00,5826900.00
"60720 Consulting Fees",8000.00,4903200.00,4895200.00
"60830 Health Insurance",1100.00,4881600.00,4880500.00
"60830 Health Insurance",1600.00,4881600.00,4880000.00
"60830 Health Insurance",2100.00,4881600.00,4879500.00
"60830 Health Insurance",2600.00,4881600.00,4879000.00
"60830 Health Insurance",3100.00,4881600.00,4878500.00
"60830 Health Insurance",3600.00,4881600.00,4878000.00
"60830 Health Insurance",4100.00,4881600.00,4877500.00
"60830 Health Insurance",4600.00,4881600.00,4877000.00
"60830 Health Insurance",5100.00,4881600.00,4876500.00
"60830 Health Insurance",5600.00,4881600.00,4876000.00
"60830 Health Insurance",5750.00,4881600.00,4875850.00
"60830 Health Insurance",5900.00,4881600.00,4875700.00
"60830 Health Insurance",6100.00,4881600.00,4875500.00
"60830 Health Insurance",6600.00,4881600.00,4875000.00
"60830 Health Insurance",6700.00,4881600.00,4874900.00
"60830 Health Insurance",6950.00,4881600.00,4874650.00
"60830 Health Insurance",7000.00,4881600.00,4874600.00
"60830 Health Insurance",7100.00,4881600.00,4874500.00
"60830 Health Insurance",8050.00,4881600.00,4873550.00
"60830 Health Insurance",8200.00,4881600.00,4873400.00
"60830 Health Insurance",8750.00,4881600.00,4872850.00
"60830 Health Insurance",8850.00,4881600.00,4872750.00
"60830 Health Insurance",9100.00,4881600.00,4872500.00
"60830 Health Insurance",10500.00,4881600.00,4871100.00
"50100 Web Domain & Hosting Fees",4000.00,3812550.00,3808550.00
"50100 Web Domain & Hosting Fees",4250.00,3812550.00,3808300.00
"50100 Web Domain & Hosting Fees",13750.00,3812550.00,3798800.00
"50100 Web Domain & Hosting Fees",15000.00,3812550.00,3797550.00
"50100 Web Domain & Hosting Fees",17500.00,3812550.00,3795050.00
"50100 Web Domain & Hosting Fees",20000.00,3812550.00,3792550.00
"50100 Web Domain & Hosting Fees",22500.00,3812550.00,3790050.00
"50100 Web Domain & Hosting Fees",23750.00,3812550.00,3788800.00
"50100 Web Domain & Hosting Fees",25000.00,3812550.00,3787550.00
"50100 Web Domain & Hosting Fees",30000.00,3812550.00,3782550.00
"40200 Product Revenue",70000.00,3610000.00,3540000.00
"40200 Product Revenue",72500.00,3610000.00,3537500.00
"40200 Product Revenue",75000.00,3610000.00,3535000.00
"40200 Product Revenue",77500.00,3610000.00,3532500.00
"40200 Product Revenue",80000.00,3610000.00,3530000.00
"40200 Product Revenue",82500.00,3610000.00,3527500.00
"40200 Product Revenue",85000.00,3610000.00,3525000.00
"40200 Product Revenue",87500.00,3610000.00,3522500.00
"40200 Product Revenue",90000.00,3610000.00,3520000.00
"40200 Product Revenue",92500.00,3610000.00,3517500.00
"40200 Product Revenue",95000.00,3610000.00,3515000.00
"40200 Product Revenue",97500.00,3610000.00,3512500.00
"40200 Product Revenue",100000.00,3610000.00,3510000.00
"40200 Product Revenue",102500.00,3610000.00,3507500.00
"40200 Product Revenue",105000.00,3610000.00,3505000.00
"40200 Product Revenue",107500.00,3610000.00,3502500.00
"40200 Product Revenue",110000.00,3610000.00,3500000.00
"40200 Product Revenue",112500.00,3610000.00,3497500.00
"40200 Product Revenue",115000.00,3610000.00,3495000.00
"40200 Product Revenue",117500.00,3610000.00,3492500.00
"40200 Product Revenue",120000.00,3610000.00,3490000.00
"40200 Product Revenue",122500.00,3610000.00,3487500.00
"40200 Product Revenue",125000.00,3610000.00,3485000.00
"40200 Product Revenue",127500.00,3610000.00,3482500.00
"40200 Product Revenue",130000.00,3610000.00,3480000.00
"40200 Product Revenue",132500.00,3610000.00,3477500.00
"40200 Product Revenue",135000.00,3610000.00,3475000.00
"40200 Product Revenue",137500.00,3610000.00,3472500.00
"40200 Product Revenue",140000.00,3610000.00,3470000.00
"40200 Product Revenue",142500.00,3610000.00,3467500.00
"40200 Product Revenue",145000.00,3610000.00,3465000.00
"40200 Product Revenue",147500.00,3610000.00,3462500.00
"40200 Product Revenue",150000.00,3610000.00,3460000.00
"40200 Product Revenue",152500.00,3610000.00,3457500.00
"40200 Product Revenue",155000.00,3610000.00,3455000.00
"40200 Product Revenue",157500.00,3610000.00,3452500.00
"60820 Payroll Taxes",5200.00,3437400.00,3432200.00
"60820 Payroll Taxes",5440.00,3437400.00,3431960.00
"60820 Payroll Taxes",6080.00,3437400.00,3431320.00
"60820 Payroll Taxes",7920.00,3437400.00,3429480.00
"60720 Consulting Fees",5500.00,3268800.00,3263300.00
"60830 Health Insurance",5650.00,3254400.00,3248750.00
"60830 Health Insurance",6050.00,3254400.00,3248350.00
"60830 Health Insurance",6200.00,3254400.00,3248200.00
"60830 Health Insurance",6350.00,3254400.00,3248050.00
"60830 Health Insurance",6650.00,3254400.00,3247750.00
"60830 Health Insurance",7150.00,3254400.00,3247250.00
"60830 Health Insurance",7300.00,3254400.00,3247100.00
"60830 Health Insurance",7450.00,3254400.00,3246950.00
"60830 Health Insurance",7750.00,3254400.00,3246650.00
"60830 Health Insurance",7900.00,3254400.00,3246500.00
"60830 Health Insurance",9300.00,3254400.00,3245100.00
"60830 Health Insurance",9500.00,3254400.00,3244900.00
"60830 Health Insurance",9700.00,3254400.00,3244700.00
"60830 Health Insurance",10100.00,3254400.00,3244300.00
"60830 Health Insurance",10300.00,3254400.00,3244100.00
"60830 Health Insurance",10700.00,3254400.00,3243700.00
"60740 Recruiting Fees",7800.00,2908800.00,2901000.00
"60620 Rent & Lease",15500.00,2916000.00,2900500.00
"60620 Rent & Lease",16000.00,2916000.00,2900000.00
"60620 Rent & Lease",16500.00,2916000.00,2899500.00
"60740 Recruiting Fees",27800.00,2908800.00,2881000.00
"50100 Web Domain & Hosting Fees",10000.00,2541700.00,2531700.00
"50100 Web Domain & Hosting Fees",12500.00,2541700.00,2529200.00
"50100 Web Domain & Hosting Fees",35000.00,2541700.00,2506700.00
"60850 Commissions Expense",28500.00,2477000.00,2448500.00
"60100 Advertising & Marketing",30000.00,2296600.00,2266600.00
"60100 Advertising & Marketing",33000.00,2296600.00,2263600.00
"60100 Advertising & Marketing",37000.00,2296600.00,2259600.00
"60100 Advertising & Marketing",38000.00,2296600.00,2258600.00
"60100 Advertising & Marketing",41000.00,2296600.00,2255600.00
"60100 Advertising & Marketing",44000.00,2296600.00,2252600.00
"50210 Product Costs",6000.00,2200500.00,2194500.00
"50210 Product Costs",6100.00,2200500.00,2194400.00
"50210 Product Costs",6200.00,2200500.00,2194300.00
"50210 Product Costs",6500.00,2200500.00,2194000.00
"50210 Product Costs",6600.00,2200500.00,2193900.00
"50210 Product Costs",6700.00,2200500.00,2193800.00
"60820 Payroll Taxes",880.00,2062440.00,2061560.00
"60820 Payroll Taxes",1280.00,2062440.00,2061160.00
"60820 Payroll Taxes",1680.00,2062440.00,2060760.00
"60820 Payroll Taxes",2080.00,2062440.00,2060360.00
"60820 Payroll Taxes",2480.00,2062440.00,2059960.00
"60820 Payroll Taxes",2880.00,2062440.00,2059560.00
"60820 Payroll Taxes",3280.00,2062440.00,2059160.00
"60820 Payroll Taxes",3680.00,2062440.00,2058760.00
"60820 Payroll Taxes",4080.00,2062440.00,2058360.00
"60820 Payroll Taxes",4480.00,2062440.00,2057960.00
"60820 Payroll Taxes",4600.00,2062440.00,2057840.00
"60820 Payroll Taxes",4720.00,2062440.00,2057720.00
"60820 Payroll Taxes",4880.00,2062440.00,2057560.00
"60820 Payroll Taxes",5280.00,2062440.00,2057160.00
"60820 Payroll Taxes",5360.00,2062440.00,2057080.00
"60820 Payroll Taxes",5560.00,2062440.00,2056880.00
"60820 Payroll Taxes",5600.00,2062440.00,2056840.00
"60820 Payroll Taxes",5680.00,2062440.00,2056760.00
"60820 Payroll Taxes",6440.00,2062440.00,2056000.00
"60820 Payroll Taxes",6560.00,2062440.00,2055880.00
"60820 Payroll Taxes",7000.00,2062440.00,2055440.00
"60820 Payroll Taxes",7080.00,2062440.00,2055360.00
"60820 Payroll Taxes",7280.00,2062440.00,2055160.00
"60820 Payroll Taxes",8400.00,2062440.00,2054040.00
"60730 Legal Fees",5200.00,1951200.00,1946000.00
"60730 Legal Fees",8200.00,1951200.00,1943000.00
"60500 Insurance",4100.00,1792800.00,1788700.00
"60710 Accounting Fees",9200.00,1738800.00,1729600.00
"60720 Consulting Fees",8200.00,1634400.00,1626200.00
"60830 Health Insurance",5500.00,1627200.00,1621700.00
"60400 Dues & Subscriptions",1000.00,1432800.00,1431800.00
"60400 Dues & Subscriptions",2000.00,1432800.00,1430800.00
"60400 Dues & Subscriptions",3000.00,1432800.00,1429800.00
"80100 Depreciation Expense",1500.00,1410750.00,1409250.00
"80100 Depreciation Expense",1600.00,1410750.00,1409150.00
"80100 Depreciation Expense",1700.00,1410750.00,1409050.00
"80100 Depreciation Expense",1800.00,1410750.00,1408950.00
"80100 Depreciation Expense",1900.00,1410750.00,1408850.00
"80100 Depreciation Expense",2000.00,1410750.00,1408750.00
"80100 Depreciation Expense",2100.00,1410750.00,1408650.00
"60820 Payroll Taxes",4520.00,1374960.00,1370440.00
"60820 Payroll Taxes",4840.00,1374960.00,1370120.00
"60820 Payroll Taxes",4960.00,1374960.00,1370000.00
"60820 Payroll Taxes",5080.00,1374960.00,1369880.00
"60820 Payroll Taxes",5320.00,1374960.00,1369640.00
"60820 Payroll Taxes",5720.00,1374960.00,1369240.00
"60820 Payroll Taxes",5840.00,1374960.00,1369120.00
"60820 Payroll Taxes",5960.00,1374960.00,1369000.00
"60820 Payroll Taxes",6200.00,1374960.00,1368760.00
"60820 Payroll Taxes",6320.00,1374960.00,1368640.00
"60820 Payroll Taxes",7440.00,1374960.00,1367520.00
"60820 Payroll Taxes",7600.00,1374960.00,1367360.00
"60820 Payroll Taxes",7760.00,1374960.00,1367200.00
"60820 Payroll Taxes",8080.00,1374960.00,1366880.00
"60820 Payroll Taxes",8240.00,1374960.00,1366720.00
"60820 Payroll Taxes",8560.00,1374960.00,1366400.00
"60630 Utilities",16500.00,1357800.00,1341300.00
"60850 Commissions Expense",29800.00,1238500.00,1208700.00
"60850 Commissions Expense",31500.00,1238500.00,1207000.00
"60850 Commissions Expense",33500.00,1238500.00,1205000.00
"60850 Commissions Expense",34800.00,1238500.00,1203700.00
"60850 Commissions Expense",35800.00,1238500.00,1202700.00
"60850 Commissions Expense",36500.00,1238500.00,1202000.00
"60850 Commissions Expense",38500.00,1238500.00,1200000.00
"60850 Commissions Expense",39800.00,1238500.00,1198700.00
"60850 Commissions Expense",40800.00,1238500.00,1197700.00
"60850 Commissions Expense",41500.00,1238500.00,1197000.00
"60850 Commissions Expense",43500.00,1238500.00,1195000.00
"60850 Commissions Expense",44800.00,1238500.00,1193700.00
"60850 Commissions Expense",45800.00,1238500.00,1192700.00
"60850 Commissions Expense",46500.00,1238500.00,1192000.00
"60850 Commissions Expense",48500.00,1238500.00,1190000.00
"60850 Commissions Expense",49800.00,1238500.00,1188700.00
"60850 Commissions Expense",50800.00,1238500.00,1187700.00
"60850 Commissions Expense",51500.00,1238500.00,1187000.00
"60850 Commissions Expense",53500.00,1238500.00,1185000.00
"60850 Commissions Expense",54800.00,1238500.00,1183700.00
"60850 Commissions Expense",55800.00,1238500.00,1182700.00
"60850 Commissions Expense",56500.00,1238500.00,1182000.00
"60850 Commissions Expense",58500.00,1238500.00,1180000.00
"60850 Commissions Expense",59800.00,1238500.00,1178700.00
"60850 Commissions Expense",60800.00,1238500.00,1177700.00
"60850 Commissions Expense",61500.00,1238500.00,1177000.00
"60850 Commissions Expense",63500.00,1238500.00,1175000.00
"60850 Commissions Expense",65800.00,1238500.00,1172700.00
"60100 Advertising & Marketing",13500.00,1148300.00,1134800.00
"60100 Advertising & Marketing",13700.00,1148300.00,1134600.00
"60100 Advertising & Marketing",13900.00,1148300.00,1134400.00
"60100 Advertising & Marketing",14100.00,1148300.00,1134200.00
"60100 Advertising & Marketing",14300.00,1148300.00,1134000.00
"60100 Advertising & Marketing",14500.00,1148300.00,1133800.00
"60100 Advertising & Marketing",15000.00,1148300.00,1133300.00
"60100 Advertising & Marketing",16000.00,1148300.00,1132300.00
"60100 Advertising & Marketing",17000.00,1148300.00,1131300.00
"60100 Advertising & Marketing",18000.00,1148300.00,1130300.00
"60100 Advertising & Marketing",19000.00,1148300.00,1129300.00
"60100 Advertising & Marketing",20000.00,1148300.00,1128300.00
"60100 Advertising & Marketing",21000.00,1148300.00,1127300.00
"60100 Advertising & Marketing",22000.00,1148300.00,1126300.00
"60100 Advertising & Marketing",23000.00,1148300.00,1125300.00
"60100 Advertising & Marketing",24000.00,1148300.00,1124300.00
"60100 Advertising & Marketing",24700.00,1148300.00,1123600.00
"60100 Advertising & Marketing",25000.00,1148300.00,1123300.00
"60100 Advertising & Marketing",25100.00,1148300.00,1123200.00
"60100 Advertising & Marketing",25700.00,1148300.00,1122600.00
"60100 Advertising & Marketing",26000.00,1148300.00,1122300.00
"60100 Advertising & Marketing",27000.00,1148300.00,1121300.00
"60100 Advertising & Marketing",27800.00,1148300.00,1120500.00
"60100 Advertising & Marketing",28000.00,1148300.00,1120300.00
"60100 Advertising & Marketing",28500.00,1148300.00,1119800.00
"60100 Advertising & Marketing",28700.00,1148300.00,1119600.00
"60100 Advertising & Marketing",29000.00,1148300.00,1119300.00
"60100 Advertising & Marketing",29200.00,1148300.00,1119100.00
"60100 Advertising & Marketing",30800.00,1148300.00,1117500.00
"60100 Advertising & Marketing",31000.00,1148300.00,1117300.00
"60100 Advertising & Marketing",31500.00,1148300.00,1116800.00
"60100 Advertising & Marketing",32000.00,1148300.00,1116300.00
"60100 Advertising & Marketing",32200.00,1148300.00,1116100.00
"60100 Advertising & Marketing",33500.00,1148300.00,1114800.00
"60100 Advertising & Marketing",33800.00,1148300.00,1114500.00
"60100 Advertising & Marketing",34000.00,1148300.00,1114300.00
"60100 Advertising & Marketing",35000.00,1148300.00,1113300.00
"60100 Advertising & Marketing",35800.00,1148300.00,1112500.00
"60100 Advertising & Marketing",36000.00,1148300.00,1112300.00
"60100 Advertising & Marketing",36500.00,1148300.00,1111800.00
"60100 Advertising & Marketing",37200.00,1148300.00,1111100.00
"60100 Advertising & Marketing",37500.00,1148300.00,1110800.00
"60100 Advertising & Marketing",37800.00,1148300.00,1110500.00
"60100 Advertising & Marketing",38800.00,1148300.00,1109500.00
"60100 Advertising & Marketing",39000.00,1148300.00,1109300.00
"60100 Advertising & Marketing",39500.00,1148300.00,1108800.00
"60100 Advertising & Marketing",40000.00,1148300.00,1108300.00
"60100 Advertising & Marketing",40200.00,1148300.00,1108100.00
"60100 Advertising & Marketing",41500.00,1148300.00,1106800.00
"60100 Advertising & Marketing",42000.00,1148300.00,1106300.00
"60100 Advertising & Marketing",43000.00,1148300.00,1105300.00
"60100 Advertising & Marketing",45000.00,1148300.00,1103300.00
"60100 Advertising & Marketing",46000.00,1148300.00,1102300.00
"60100 Advertising & Marketing",46500.00,1148300.00,1101800.00
"60100 Advertising & Marketing",47000.00,1148300.00,1101300.00
"60100 Advertising & Marketing",47500.00,1148300.00,1100800.00
"60100 Advertising & Marketing",48000.00,1148300.00,1100300.00
"60100 Advertising & Marketing",49000.00,1148300.00,1099300.00
"60100 Advertising & Marketing",50000.00,1148300.00,1098300.00
"60100 Advertising & Marketing",51000.00,1148300.00,1097300.00
"60730 Legal Fees",27200.00,975600.00,948400.00
"60730 Legal Fees",27800.00,975600.00,947800.00
"60500 Insurance",4700.00,896400.00,891700.00
"60500 Insurance",4900.00,896400.00,891500.00
"60500 Insurance",5100.00,896400.00,891300.00
"60710 Accounting Fees",4650.00,869400.00,864750.00
"60710 Accounting Fees",5400.00,869400.00,864000.00
"60710 Accounting Fees",5500.00,869400.00,863900.00
"60400 Dues & Subscriptions",3700.00,716400.00,712700.00
"60400 Dues & Subscriptions",3900.00,716400.00,712500.00
"60400 Dues & Subscriptions",4100.00,716400.00,712300.00
"60820 Payroll Taxes",4400.00,687480.00,683080.00
"80200 Interest Expense",1000.00,493200.00,492200.00
"80200 Interest Expense",2600.00,493200.00,490600.00
"80200 Interest Expense",2700.00,493200.00,490500.00
"80200 Interest Expense",2800.00,493200.00,490400.00
"80200 Interest Expense",2900.00,493200.00,490300.00
"80200 Interest Expense",3000.00,493200.00,490200.00
"50200 Merchant Account Fees",11400.00,375300.00,363900.00
"50200 Merchant Account Fees",11500.00,375300.00,363800.00
"50200 Merchant Account Fees",13600.00,375300.00,361700.00
"50200 Merchant Account Fees",13700.00,375300.00,361600.00
"50200 Merchant Account Fees",14800.00,375300.00,360500.00
"50200 Merchant Account Fees",14900.00,375300.00,360400.00
"50200 Merchant Account Fees",15000.00,375300.00,360300.00
"50200 Merchant Account Fees",16100.00,375300.00,359200.00
"50200 Merchant Account Fees",16200.00,375300.00,359100.00
"50200 Merchant Account Fees",16300.00,375300.00,359000.00
"50200 Merchant Account Fees",18400.00,375300.00,356900.00
"50200 Merchant Account Fees",18500.00,375300.00,356800.00
"50200 Merchant Account Fees",18600.00,375300.00,356700.00
"50200 Merchant Account Fees",20700.00,375300.00,354600.00
"50200 Merchant Account Fees",20800.00,375300.00,354500.00
"50200 Merchant Account Fees",20900.00,375300.00,354400.00
"50200 Merchant Account Fees",23000.00,375300.00,352300.00
"50200 Merchant Account Fees",23100.00,375300.00,352200.00
"50200 Merchant Account Fees",23200.00,375300.00,352100.00
"50200 Merchant Account Fees",24300.00,375300.00,351000.00
"50200 Merchant Account Fees",24400.00,375300.00,350900.00
"50200 Merchant Account Fees",24500.00,375300.00,350800.00
"50200 Merchant Account Fees",25600.00,375300.00,349700.00
"50200 Merchant Account Fees",25700.00,375300.00,349600.00
"50200 Merchant Account Fees",25800.00,375300.00,349500.00
"50200 Merchant Account Fees",29900.00,375300.00,345400.00
"50200 Merchant Account Fees",30000.00,375300.00,345300.00
"50200 Merchant Account Fees",30100.00,375300.00,345200.00
"50200 Merchant Account Fees",34200.00,375300.00,341100.00
"50200 Merchant Account Fees",34300.00,375300.00,341000.00
"61010 Lodging",2000.00,307200.00,305200.00
"80100 Depreciation Expense",2200.00,282150.00,279950.00
"61030 Travel",1000.00,236400.00,235400.00
"60630 Utilities",3300.00,226300.00,223000.00
"70100 Interest Income",1550.00,176610.00,175060.00
"61020 Meals & Entertainment",500.00,170400.00,169900.00
"60710 Accounting Fees",4500.00,144900.00,140400.00
"60710 Accounting Fees",4600.00,144900.00,140300.00
"60710 Accounting Fees",4700.00,144900.00,140200.00
"60710 Accounting Fees",4800.00,144900.00,140100.00
"60710 Accounting Fees",4900.00,144900.00,140000.00
"60710 Accounting Fees",5000.00,144900.00,139900.00
"60840 Payroll Processing Fees",1625.00,136200.00,134575.00
"60840 Payroll Processing Fees",1700.00,136200.00,134500.00
"60840 Payroll Processing Fees",1900.00,136200.00,134300.00
"60840 Payroll Processing Fees",2475.00,136200.00,133725.00
"61010 Lodging",4500.00,128000.00,123500.00
"70100 Interest Income",1600.00,117740.00,116140.00
"70100 Interest Income",1700.00,117740.00,116040.00
"70100 Interest Income",1750.00,117740.00,115990.00
"70100 Interest Income",1800.00,117740.00,115940.00
"70100 Interest Income",1850.00,117740.00,115890.00
"70100 Interest Income",1900.00,117740.00,115840.00
"70100 Interest Income",1950.00,117740.00,115790.00
"60630 Utilities",2600.00,113150.00,110550.00
"60630 Utilities",2650.00,113150.00,110500.00
"60630 Utilities",2700.00,113150.00,110450.00
"60630 Utilities",2800.00,113150.00,110350.00
"60630 Utilities",2900.00,113150.00,110250.00
"60630 Utilities",3000.00,113150.00,110150.00
"60630 Utilities",3100.00,113150.00,110050.00
"60630 Utilities",3200.00,113150.00,109950.00
"60630 Utilities",3400.00,113150.00,109750.00
"60630 Utilities",3500.00,113150.00,109650.00
"60630 Utilities",3600.00,113150.00,109550.00
"60630 Utilities",3700.00,113150.00,109450.00
"60630 Utilities",3800.00,113150.00,109350.00
"60630 Utilities",3900.00,113150.00,109250.00
"60630 Utilities",4000.00,113150.00,109150.00
"60630 Utilities",4100.00,113150.00,109050.00
"61010 Lodging",5000.00,102400.00,97400.00
"61030 Travel",3500.00,98500.00,95000.00
"60840 Payroll Processing Fees",275.00,81720.00,81445.00
"60840 Payroll Processing Fees",400.00,81720.00,81320.00
"60840 Payroll Processing Fees",525.00,81720.00,81195.00
"60840 Payroll Processing Fees",650.00,81720.00,81070.00
"60840 Payroll Processing Fees",775.00,81720.00,80945.00
"60840 Payroll Processing Fees",900.00,81720.00,80820.00
"60840 Payroll Processing Fees",1025.00,81720.00,80695.00
"60840 Payroll Processing Fees",1150.00,81720.00,80570.00
"60840 Payroll Processing Fees",1275.00,81720.00,80445.00
"60840 Payroll Processing Fees",1400.00,81720.00,80320.00
"60840 Payroll Processing Fees",1438.00,81720.00,80282.00
"60840 Payroll Processing Fees",1475.00,81720.00,80245.00
"60840 Payroll Processing Fees",1525.00,81720.00,80195.00
"60840 Payroll Processing Fees",1650.00,81720.00,80070.00
"60840 Payroll Processing Fees",1675.00,81720.00,80045.00
"60840 Payroll Processing Fees",1738.00,81720.00,79982.00
"60840 Payroll Processing Fees",1750.00,81720.00,79970.00
"60840 Payroll Processing Fees",1775.00,81720.00,79945.00
"60840 Payroll Processing Fees",2013.00,81720.00,79707.00
"60840 Payroll Processing Fees",2050.00,81720.00,79670.00
"60840 Payroll Processing Fees",2188.00,81720.00,79532.00
"60840 Payroll Processing Fees",2213.00,81720.00,79507.00
"60840 Payroll Processing Fees",2275.00,81720.00,79445.00
"60840 Payroll Processing Fees",2625.00,81720.00,79095.00
"61030 Travel",10000.00,78800.00,68800.00
"61020 Meals & Entertainment",2500.00,71000.00,68500.00
"70100 Interest Income",500.00,58870.00,58370.00
"70100 Interest Income",550.00,58870.00,58320.00
"70100 Interest Income",600.00,58870.00,58270.00
"70100 Interest Income",620.00,58870.00,58250.00
"70100 Interest Income",640.00,58870.00,58230.00
"70100 Interest Income",660.00,58870.00,58210.00
"70100 Interest Income",1650.00,58870.00,57220.00
"60840 Payroll Processing Fees",1413.00,54480.00,53067.00
"60840 Payroll Processing Fees",1513.00,54480.00,52967.00
"60840 Payroll Processing Fees",1550.00,54480.00,52930.00
"60840 Payroll Processing Fees",1588.00,54480.00,52892.00
"60840 Payroll Processing Fees",1663.00,54480.00,52817.00
"60840 Payroll Processing Fees",1788.00,54480.00,52692.00
"60840 Payroll Processing Fees",1825.00,54480.00,52655.00
"60840 Payroll Processing Fees",1863.00,54480.00,52617.00
"60840 Payroll Processing Fees",1938.00,54480.00,52542.00
"60840 Payroll Processing Fees",1975.00,54480.00,52505.00
"60840 Payroll Processing Fees",2325.00,54480.00,52155.00
"60840 Payroll Processing Fees",2375.00,54480.00,52105.00
"60840 Payroll Processing Fees",2425.00,54480.00,52055.00
"60840 Payroll Processing Fees",2525.00,54480.00,51955.00
"60840 Payroll Processing Fees",2575.00,54480.00,51905.00
"60840 Payroll Processing Fees",2675.00,54480.00,51805.00
"61020 Meals & Entertainment",7500.00,56800.00,49300.00
"61010 Lodging",2500.00,51200.00,48700.00
"61010 Lodging",3200.00,51200.00,48000.00
"60840 Payroll Processing Fees",1375.00,27240.00,25865.00
"61010 Lodging",2600.00,25600.00,23000.00
"61010 Lodging",2650.00,25600.00,22950.00
"61010 Lodging",2700.00,25600.00,22900.00
"61010 Lodging",2750.00,25600.00,22850.00
"61010 Lodging",2800.00,25600.00,22800.00
"61010 Lodging",3100.00,25600.00,22500.00
"61010 Lodging",3300.00,25600.00,22300.00
"61010 Lodging",3400.00,25600.00,22200.00
